品番,ライフサイクル,極性,V<sub>DSS</sub>(V),V<sub>GSS</sub>(V),I<sub>D</sub>(A),P<sub>D</sub>(W),Ciss(pF),Qg(nC),R<sub>DS(ON)</sub>Max(Ω)&#124;V<sub>GS</sub>&#124;=1.2V,R<sub>DS(ON)</sub>Max(Ω)&#124;V<sub>GS</sub>&#124;=1.5V,R<sub>DS(ON)</sub>Max(Ω)&#124;V<sub>GS</sub>&#124;=1.8V,R<sub>DS(ON)</sub>Max(Ω)&#124;V<sub>GS</sub>&#124;=2.5V,R<sub>DS(ON)</sub>Max(Ω)&#124;V<sub>GS</sub>&#124;=4V,R<sub>DS(ON)</sub>Max(Ω)&#124;V<sub>GS</sub>&#124;=4.5V,R<sub>DS(ON)</sub>Max(Ω)&#124;V<sub>GS</sub>&#124;=6V,R<sub>DS(ON)</sub>Max(Ω)&#124;V<sub>GS</sub>&#124;=10V,ピン数,面実装区分,パッケージ名(Toshiba),
"2SJ168","","P-ch","-60","+/-20","-0.2","","","","","","","","","","","2","3","Y","S-Mini",
"2SJ305","","P-ch","-30","+/-20","-0.2","","","","","","","4","","","","","3","Y","S-Mini",
"2SJ360","","P-ch","-60","","-1","1.5","155","6.5","","","","","1.2","","","0.73","3","Y","PW-Mini",
"2SJ668","","P-ch","-60","","-5","20","","15","","","","","0.25","","","0.17","3","Y","New PW-Mold",
"2SJ680","","P-ch","-200","","-2.5","20","410","10","","","","","","","","2.0","3","N","New PW-Mold2",
"2SJ681","","P-ch","-60","","-5","20","","15","","","","","0.25","","","0.17","3","N","New PW-Mold2",
"2SK1062","","N-ch","60","+/-20","0.2","","","","","","","","","","","1","3","Y","S-Mini",
"2SK1359","","N-ch","1000","","5","125","700","60","","","","","","","","3.8","3","N","TO-3P(N)",
"2SK1828","","N-ch","20","10","0.05","","","","","","","40","","","","","3","Y","S-Mini",
"2SK1829","","N-ch","20","10","0.05","","","","","","","40","","","","","3","Y","USM",
"2SK1830","","N-ch","20","10","0.05","","","","","","","40","","","","","3","Y","SSM",
"2SK2009","","N-ch","30","+/-20","0.2","","","","","","","2","","","","","3","Y","S-Mini",
"2SK2033","","N-ch","20","10","0.1","","","","","","","12","","","","","3","Y","S-Mini",
"2SK2034","","N-ch","20","10","0.1","","","","","","","12","","","","","3","Y","USM",
"2SK2035","","N-ch","20","10","0.1","","","","","","","12","","","","","3","Y","SSM",
"2SK2036","","N-ch","20","10","0.1","","","","","","","6","","","","","3","Y","S-Mini",
"2SK2037","","N-ch","20","10","0.1","","","","","","","6","","","","","3","Y","USM",
"2SK2601","","N-ch","500","","10","125","1200","30","","","","","","","","1","3","N","TO-3P(N)",
"2SK2602","","N-ch","600","","6","125","1300","30","","","","","","","","1.25","3","N","TO-3P(N)",
"2SK2607","","N-ch","800","","9","150","2160","68","","","","","","","","1.2","3","N","TO-3P(N)",
"2SK2613","","N-ch","1000","","8","150","2000","65","","","","","","","","1.7","3","N","TO-3P(N)",
"2SK2699","","N-ch","600","","12","150","2600","58","","","","","","","","0.65","3","N","TO-3P(N)",
"2SK2719","","N-ch","900","","3","125","750","25","","","","","","","","4.3","3","N","TO-3P(N)",
"2SK2847","","N-ch","900","","8","85","2040","58","","","","","","","","1.4","3","N","TO-3P(N)IS",
"2SK2865","","N-ch","600","","2","20","380","9","","","","","","","","5","3","Y","New PW-Mold",
"2SK2917","","N-ch","500","","18","90","3720","80","","","","","","","","0.27","3","N","TO-3P(N)IS",
"2SK2963","","N-ch","100","","1","1.5","140","6.3","","","","","0.95","","","0.7","3","Y","PW-Mini",
"2SK2964","","N-ch","30","","2","1.5","","5.8","","","","","0.25","","","0.18","3","Y","PW-Mini",
"2SK2992","","N-ch","200","","1","1.5","90","3","","","","","","","","3.5","3","Y","PW-Mini",
"2SK3017","","N-ch","900","","8.5","90","2150","70","","","","","","","","1.25","3","N","TO-3P(N)IS",
"2SK3132","","N-ch","500","","50","250","11000","280","","","","","","","","0.095","3","N","TO-3P(L)",
"2SK3301","","N-ch","900","","1","20","165","6","","","","","","","","20","3","Y","New PW-Mold",
"2SK3438","","N-ch","600","","10","80","1200","28","","","","","","","","1","4","Y","TFP",
"2SK3466","","N-ch","500","","5","50","780","17","","","","","","","","1.5","4","Y","TFP",
"2SK3471","","N-ch","500","","0.5","1.5","75","3.8","","","","","","","","18","3","N","PW-Mini",
"2SK3473","","N-ch","900","","9","150","1450","38","","","","","","","","1.6","3","N","TO-3P(N)",
"2SK3544","","N-ch","450","","13","100","1600","34","","","","","","","","0.4","4","Y","TFP",
"2SK3561","","N-ch","500","","8","40","","28","","","","","","","","0.85","3","N","TO-220SIS",
"2SK3562","","N-ch","600","","6","40","","28","","","","","","","","1.25","3","N","TO-220SIS",
"2SK3563","","N-ch","500","","5","35","","16","","","","","","","","1.5","3","N","TO-220SIS",
"2SK3564","","N-ch","900","","3","40","700","17","","","","","","","","4.3","3","N","TO-220SIS",
"2SK3565","","N-ch","900","","5","45","1150","28","","","","","","","","2.5","3","N","TO-220SIS",
"2SK3566","","N-ch","900","","2.5","40","470","12","","","","","","","","6.4","3","N","TO-220SIS",
"2SK3567","","N-ch","600","","3.5","35","","16","","","","","","","","2.2","3","N","TO-220SIS",
"2SK3568","","N-ch","500","","12","40","","42","","","","","","","","0.52","3","N","TO-220SIS",
"2SK3569","","N-ch","600","","10","45","","42","","","","","","","","0.75","3","N","TO-220SIS",
"2SK3633","","N-ch","800","","7","150","1500","35","","","","","","","","1.7","3","N","TO-3P(N)",
"2SK3667","","N-ch","600","","7.5","45","","33","","","","","","","","1","3","N","TO-220SIS",
"2SK3700","","N-ch","900","","5","150","1150","28","","","","","","","","2.5","3","N","TO-3P(N)",
"2SK3742","","N-ch","900","","5","45","1150","25","","","","","","","","2.5","3","N","TO-220SIS",
"2SK3767","","N-ch","600","","2","25","320","9","","","","","","","","4.5","3","N","TO-220SIS",
"2SK3797","","N-ch","600","","13","50","","62","","","","","","","","0.43","3","N","TO-220SIS",
"2SK3798","","N-ch","900","","4","40","800","26","","","","","","","","3.5","3","N","TO-220SIS",
"2SK3799","","N-ch","900","","8","50","2200","60","","","","","","","","1.3","3","N","TO-220SIS",
"2SK3842","","N-ch","60","","75","125","","196","","","","","","","","0.0058","4","Y","TFP",
"2SK3843","","N-ch","40","","75","125","","210","","","","","","0.008","","0.0035","4","Y","TFP",
"2SK3878","","N-ch","900","","9","150","2200","60","","","","","","","","1.3","3","N","TO-3P(N)",
"2SK3880","","N-ch","800","","6.5","80","1500","35","","","","","","","","1.7","3","N","TO-3P(N)IS",
"2SK3934","","N-ch","500","","15","50","","62","","","","","","","","0.30","3","N","TO-220SIS",
"2SK3940","","N-ch","75","","70","150","","200","","","","","","","","0.007","3","N","TO-3P(N)",
"2SK3947","","N-ch","600","","6","40","","28","","","","","","","","1.4","3","N","TO-220SIS",
"2SK4012","","N-ch","500","","13","45","","50","","","","","","","","0.4","3","N","TO-220SIS",
"2SK4013","","N-ch","800","","6","45","1500","45","","","","","","","","1.7","3","N","TO-220SIS",
"2SK4014","","N-ch","900","","6","45","1400","45","","","","","","","","2.0","3","N","TO-220SIS",
"2SK4017","","N-ch","60","","5","20","","15","","","","","0.15","","","0.10","3","N","New PW-Mold2",
"2SK4033","","N-ch","60","","5","20","","15","","","","","0.15","","","0.10","3","Y","New PW-Mold",
"2SK4034","","N-ch","60","","75","125","","196","","","","","","0.01","","0.0058","4","Y","TFP",
"2SK4115","","N-ch","900","","7","150","1650","45","","","","","","","","2.0","3","N","TO-3P(N)",
"2SK4207","","N-ch","900","","13","150","2790","45","","","","","","","","0.95","3","N","TO-3P(N)",
"HN1K02FU","","N-ch x 2","20","10","0.05","","","","","","","40","","","","","6","Y","US6",
"HN1K03FU","","N-ch x 2","20","10","0.1","","","","","","","12","","","","","6","Y","US6",
"HN4K03JU","","N-ch x 2","20","10","0.1","","","","","","","12","","","","","5","Y","USV",
"SSM3J09FU","","P-ch","-30","+/-20","-0.2","","","","","","","","4.2","","","","3","Y","USM",
"SSM3J108TU","","P-ch","-20","+/-8","-1.8","","","","","","0.363","0.23","0.158","","","","3","Y","UFM",
"SSM3J109TU","","P-ch","-20","+/-8","-2","","","","","","0.3","0.172","0.13","","","","3","Y","UFM",
"SSM3J112TU","","P-ch","-30","+/-20","-1.1","","","","","","","","0.79","","","0.39","3","Y","UFM",
"SSM3J113TU","","P-ch","-20","+/-12","-1.7","","","","","","","0.249","0.169","","","","3","Y","UFM",
"SSM3J114TU","","P-ch","-20","+/-8","-1.8","","","","","0.526","0.321","0.199","0.149","","","","3","Y","UFM",
"SSM3J115TU","","P-ch","-20","+/-8","-2.2","","","","","0.353","0.193","0.125","0.098","","","","3","Y","UFM",
"SSM3J117TU","","P-ch","-30","+/-20","-2","","","","","","","","0.225","","","0.117","3","Y","UFM",
"SSM3J118TU","","P-ch","-30","+/-20","-1.4","","","","","","","","0.48","","","0.24","3","Y","UFM",
"SSM3J120TU","","P-ch","-20","+/-8","-4","","","","","0.140","0.078","0.049","0.038","","","","3","Y","UFM",
"SSM3J129TU","","P-ch","-20","+/-8","-4.6","","","","","0.137","0.088","0.062","","0.046","","","3","Y","UFM",
"SSM3J130TU","","P-ch","-20","+/-8","-4.4","","","24.8","","0.0632","0.0411","0.031","","0.0258","","","3","Y","UFM",
"SSM3J132TU","","P-ch","-12","+/-6","-5.4","","2700","33","0.094","0.039","0.029","0.021","","0.017","","","3","Y","UFM",
"SSM3J133TU","","P-ch","-20","+/-8","-5.5","","840","12.8","","0.0884","0.056","0.0397","","0.0298","","","3","Y","UFM",
"SSM3J134TU","","P-ch","-20","+/-8","-3.2","","290","4.7","","0.240","0.168","0.123","","0.093","","","3","Y","UFM",
"SSM3J135TU","","P-ch","-20","+/-8","-3","","270","4.6","","0.260","0.180","0.132","","0.103","","","3","Y","UFM",
"SSM3J14T","","P-ch","-30","+/-20","-2.7","","","","","","","","0.17","0.145","","","3","Y","TSM",
"SSM3J15CT","","P-ch","-30","+/-20","-0.1","","","","","","","32","","","","","3","Y","CST3",
"SSM3J15FS","","P-ch","-30","+/-20","-0.1","","","","","","","32","","","","","3","Y","SSM",
"SSM3J15FU","","P-ch","-30","+/-20","-0.1","","","","","","","32","","","","","3","Y","USM",
"SSM3J15FV","","P-ch","-30","+/-20","-0.1","","","","","","","32","","","","","3","Y","VESM",
"SSM3J15F","","P-ch","-30","+/-20","-0.1","","","","","","","32","","","","","3","Y","S-Mini",
"SSM3J16CT","","P-ch","-20","+/-10","-0.1","","","","","45","","","","","","","3","Y","CST3",
"SSM3J16FS","","P-ch","-20","+/-10","-0.1","","","","","45","","","","","","","3","Y","SSM",
"SSM3J16FU","","P-ch","-20","+/-10","-0.1","","","","","45","","","","","","","3","Y","USM",
"SSM3J16FV","","P-ch","-20","+/-10","-0.1","","","","","45","","","","","","","3","Y","VESM",
"SSM3J304T","","P-ch","-20","+/-8","-2.3","","","","","","0.297","0.169","0.127","","","","3","Y","TSM",
"SSM3J305T","","P-ch","-30","+/-20","-1.7","","","","","","","","0.477","","","0.237","3","Y","TSM",
"SSM3J306T","","P-ch","-30","+/-20","-2.4","","","","","","","","0.225","","","0.117","3","Y","TSM",
"SSM3J307T","","P-ch","-20","+/-8","-5","","","","","0.083","0.056","0.040","","0.031","","","3","Y","TSM",
"SSM3J314T","","P-ch","-30","+/-20","-3.5","","","","","","","","0.100","","","0.054","3","Y","TSM",
"SSM3J321T","","P-ch","-20","+/-8","-5.2","","","","","0.137","0.088","0.062","","0.046","","","3","Y","TSM",
"SSM3J325F","","P-ch","-20","+/-8","-2","","270","4.6","","0.311","0.231","0.179","","0.15","","","3","Y","S-Mini",
"SSM3J326T","","P-ch","-30","+/-12","-5.6","","650","9.3","","","0.115","0.0625","","0.0457","","0.0393","3","Y","TSM",
"SSM3J327F","","P-ch","-20","+/-8","-3.5","","290","","","0.242","0.170","0.125","","0.095","","","3","Y","S-Mini",
"SSM3J327R","","P-ch","-20","+/-8","-3.9","","290","","","0.240","0.168","0.123","","0.093","","","3","Y","SOT-23F",
"SSM3J328R","","P-ch","-20","+/-8","-6","","840","","","0.0884","0.056","0.0397","","0.0298","","","3","Y","SOT-23F",
"SSM3J331R","新製品","P-ch","-20","+/-8","-4","","630","","","0.15","0.1","0.075","","0.055","","","3","Y","SOT-23F",
"SSM3J332R","","P-ch","-30","+/-12","-6","","560","","","","0.144","0.072","","0.05","","0.042","3","Y","SOT-23F",
"SSM3J334R","","P-ch","-30","+/-20","-4","","280","","","","","","0.136","0.105","","0.071","3","Y","SOT-23F",
"SSM3J35CT","","P-ch","-20","+/-10","-0.1","","","","8","22","","11","8","","","","3","Y","CST3",
"SSM3J35FS","","P-ch","-20","+/-10","-0.1","","","","8","22","","11","8","","","","3","Y","SSM",
"SSM3J35MFV","","P-ch","-20","+/-10","-0.13","","","","45","","","","","","","","3","Y","VESM",
"SSM3J36FS","","P-ch","-20","+/-8","-0.33","","","","","3.6","2.7","","","1.31","","","3","Y","SSM",
"SSM3J36MFV","","P-ch","-20","+/-8","-0.33","","","","","3.6","2.7","","","1.31","","","3","Y","VESM",
"SSM3J36TU","","P-ch","-20","+/-8","-0.33","","","","","3.6","2.7","","","1.31","","","3","Y","UFM",
"SSM3J46CTB","","P-ch","-20","+/-8","-2","","290","4.7","","0.25","0.178","0.133","","0.103","","","3","Y","CST3B",
"SSM3J56MFV","","P-ch","-20","+/-8","-0.8","","100","1.6","4","0.9","0.66","0.48","","0.39","","","3","Y","VESM",
"SSM3K01F","","N-ch","30","+/-10","1.3","","","","","","","","0.12","","","","3","Y","S-Mini",
"SSM3K01T","","N-ch","30","+/-10","3.2","","","","","","","0.15","0.12","","","","3","Y","TSM",
"SSM3K09FU","","N-ch","30","+/-20","0.4","","","","","","","","1.2","","","","3","Y","USM",
"SSM3K104TU","","N-ch","20","+/-12","3","","","","","","0.11","0.074","0.056","","","","3","Y","UFM",
"SSM3K106TU","","N-ch","20","+/-20","1.2","","","","","","","","0.53","","","0.31","3","Y","UFM",
"SSM3K116TU","","N-ch","30","+/-12","2.2","","","","","","","0.135","","0.1","","","3","Y","UFM",
"SSM3K119TU","","N-ch","30","+/-12","2.5","","","","","","0.134","0.09","0.074","","","","3","Y","UFM",
"SSM3K121TU","","N-ch","20","+/-10","3.2","","","","","0.140","0.093","0.063","0.048","","","","3","Y","UFM",
"SSM3K122TU","","N-ch","20","+/-10","2","","","","","0.304","0.211","0.161","0.123","","","","3","Y","UFM",
"SSM3K123TU","","N-ch","20","+/-10","4.2","","","","","0.066","0.043","0.032","0.028","","","","3","Y","UFM",
"SSM3K124TU","","N-ch","30","+/-20","2.4","","","","","","","","0.12","","","0.083","3","Y","UFM",
"SSM3K127TU","","N-ch","30","+/-12","2","","","","","","0.286","0.167","0.123","","","","3","Y","UFM",
"SSM3K131TU","","N-ch","30","+/-20","6","","","","","","","","","0.0415","","0.0276","3","Y","UFM",
"SSM3K15ACT","","N-ch","30","+/-20","0.1","","13.5","","","","","6.0","3.6","","","","3","Y","CST3",
"SSM3K15AFS","","N-ch","30","+/-20","0.1","","13.5","","","","","6.0","3.6","","","","3","Y","SSM",
"SSM3K15AFU","新製品","N-ch","30","+/-20","0.1","","13.5","","","","","6.0","3.6","","","","3","Y","USM",
"SSM3K15AMFV","","N-ch","30","+/-20","0.1","","13.5","","","","","6.0","3.6","","","","3","Y","VESM",
"SSM3K15CT","","N-ch","30","+/-20","0.1","","","","","","","7","","","","","3","Y","CST3",
"SSM3K15FS","","N-ch","30","+/-20","0.1","","","","","","","7","","","","","3","Y","SSM",
"SSM3K15FU","","N-ch","30","+/-20","0.1","","","","","","","7","","","","","3","Y","USM",
"SSM3K15F","","N-ch","30","+/-20","0.1","","","","","","","7","","","","","3","Y","S-Mini",
"SSM3K16CT","","N-ch","20","+/-10","0.1","","","","","15","","","","","","","3","Y","CST3",
"SSM3K16FS","","N-ch","20","+/-10","0.1","","","","","15","","","","","","","3","Y","SSM",
"SSM3K16FU","","N-ch","20","+/-10","0.1","","","","","15","","","","","","","3","Y","USM",
"SSM3K16FV","","N-ch","20","+/-10","0.1","","","","","15","","","","","","","3","Y","VESM",
"SSM3K17FU","","N-ch","50","+/-7","0.1","","","","","","","40","","","","","3","Y","USM",
"SSM3K301T","","N-ch","20","+/-12","3.5","","","","","","0.110","0.074","0.056","","","","3","Y","TSM",
"SSM3K302T","","N-ch","30","+/-12","3","","","","","","0.131","0.087","0.071","","","","3","Y","TSM",
"SSM3K303T","","N-ch","30","+/-20","2.9","","","","","","","","0.120","","","0.083","3","Y","TSM",
"SSM3K309T","","N-ch","20","+/-12","4.7","","","","","","0.047","0.035","0.031","","","","3","Y","TSM",
"SSM3K310T","","N-ch","20","+/-8","5","","","","","0.066","0.043","0.032","0.028","","","","3","Y","TSM",
"SSM3K315T","","N-ch","30","+/-20","6","","","","","","","","","0.0415","","0.0276","3","Y","TSM",
"SSM3K316T","","N-ch","30","+/-12","4","","","","","","0.131","0.087","","0.065","","0.053","3","Y","TSM",
"SSM3K318T","","N-ch","60","+/-20","2.5","","","","","","","","","0.145","","0.107","3","Y","TSM",
"SSM3K320T","","N-ch","30","+/-20","4.2","","190","4.6","","","","","","0.077","","0.050","3","Y","TSM",
"SSM3K324R","新製品","N-ch","30","+/-12","4","","200","2.2","","","0.109","0.072","","0.056","","","3","Y","SOT-23F",
"SSM3K329R","","N-ch","30","+/-12","3.5","","123","1.9","","","0.289","0.161","0.126","","","","3","Y","SOT-23F",
"SSM3K333R","","N-ch","30","+/-20","6","","436","3.4","","","","","","0.042","","0.028","3","Y","SOT-23F",
"SSM3K335R","新製品","N-ch","30","+/-20","6","","340","2.7","","","","","","0.056","","0.038","3","Y","SOT-23F",
"SSM3K336R","新製品","N-ch","30","+/-20","3","","126","1.7","","","","","","0.14","","0.095","3","Y","SOT-23F",
"SSM3K337R","開発中","N-ch","38","+/-20","2","","120","","","","","","0.2","0.176","","0.150","3","Y","SOT-23F",
"SSM3K35CT","","N-ch","20","+/-10","0.18","","","","20","8","","4","3","","","","3","Y","CST3",
"SSM3K35FS","","N-ch","20","+/-10","0.18","","","","20","8","","4","3","","","","3","Y","SSM",
"SSM3K35MFV","","N-ch","20","+/-10","0.18","","","","20","8","","4","3","","","","3","Y","VESM",
"SSM3K36FS","","N-ch","20","+/-10","0.5","","","","","1.52","1.14","0.85","","0.66","","","3","Y","SSM",
"SSM3K36MFV","","N-ch","20","+/-10","0.5","","46","","","1.52","1.14","0.85","","0.66","","","3","Y","VESM",
"SSM3K36TU","","N-ch","20","+/-10","0.5","","","","","1.52","1.14","0.85","","0.66","","","3","Y","UFM",
"SSM3K37CT","","N-ch","20","+/-10","0.2","","12","","","5.60","4.05","3.02","","2.20","","","3","Y","CST3",
"SSM3K37FS","","N-ch","20","+/-10","0.2","","12","","","5.60","4.05","3.02","","2.20","","","3","Y","SSM",
"SSM3K37MFV","","N-ch","20","+/-10","0.25","","12","","","5.60","4.05","3.02","","2.20","","","3","Y","VESM",
"SSM3K43FS","","N-ch","20","+/-10","0.5","","46","1.23","","1.52","1.14","0.85","","0.66","","","3","Y","SSM",
"SSM3K44FS","","N-ch","30","+/-20","0.1","","","","","","","7.0","","4.0","","","3","Y","SSM",
"SSM3K44MFV","","N-ch","30","+/-20","0.1","","","","","","","7.0","","4.0","","","3","Y","VESM",
"SSM3K48FU","","N-ch","30","20","0.1","","15.1","","","","","5.4","3.2","","","","3","Y","USM",
"SSM3K56CT","新製品","N-ch","20","+/-8","0.8","","","","","0.84","0.48","0.3","","0.235","","","3","Y","CST3",
"SSM3K56FS","新製品","N-ch","20","+/-8","0.8","","","","","0.84","0.48","0.3","","0.235","","","3","Y","SSM",
"SSM3K56MFV","新製品","N-ch","20","+/-8","0.8","","","","","0.84","0.48","0.3","","0.235","","","3","Y","VESM",
"SSM3K7002AFU","","N-ch","60","+/-20","0.2","","","","","","","","","3.3","","3.0","3","Y","USM",
"SSM3K7002BFS","","N-ch","60","+/-20","0.2","","17.0","","","","","","","3.3","","2.1","3","Y","SSM",
"SSM3K7002BFU","","N-ch","60","+/-20","0.2","","17.0","","","","","","","3.3","","2.1","3","Y","USM",
"SSM3K7002BF","","N-ch","60","+/-20","0.2","","17.0","","","","","","","3.3","","2.1","3","Y","S-Mini",
"SSM3K7002FU","","N-ch","60","+/-20","0.2","","","","","","","","","3.3","","","3","Y","USM",
"SSM3K7002F","","N-ch","60","+/-20","0.2","","","","","","","","","3.3","","3.0","3","Y","S-Mini",
"SSM4K27CT","","N-ch","20","+/-12","0.5","","","","","","0.390","0.260","0.205","","","","4","Y","CST4",
"SSM5N15FE","","N-ch x 2","30","+/-20","0.1","","","","","","","7","","","","","5","Y","ESV",
"SSM5N15FU","","N-ch x 2","30","+/-20","0.1","","","","","","","7","","","","","5","Y","USV",
"SSM5N16FE","","N-ch x 2","20","+/-10","0.1","","","","","15","","","","","","","5","Y","ESV",
"SSM5N16FU","","N-ch x 2","20","+/-10","0.1","","","","","15","","","","","","","5","Y","USV",
"SSM5P15FU","","P-ch x 2","-30","+/-20","-0.1","","","","","","","32","","","","","5","Y","USV",
"SSM5P16FE","","P-ch x 2","-20","+/-10","-0.1","","","","","45","","","","","","","5","Y","ESV",
"SSM5P16FU","","P-ch x 2","-20","+/-10","-0.1","","","","","45","","","","","","","5","Y","USV",
"SSM6J08FU","","P-ch","-20","+/-12","-1.3","","","","","","","0.26","0.18","","","","6","Y","US6",
"SSM6J205FE","","P-ch","-20","+/-8","-0.8","","","","","","0.46","0.306","0.234","","","","6","Y","ES6",
"SSM6J206FE","","P-ch","-20","+/-8","-2","","","","","","0.32","0.186","0.13","","","","6","Y","ES6",
"SSM6J207FE","","P-ch","-30","+/-20","-1.4","","","","","","","","0.491","","","","6","Y","ES6",
"SSM6J212FE","","P-ch","-20","+/-8","-4","","","","","0.094","0.0654","0.049","","0.0407","","","6","Y","ES6",
"SSM6J213FE","","P-ch","-20","+/-8","-2.6","","290","4.7","","0.25","0.178","0.133","","0.103","","","6","Y","ES6",
"SSM6J214FE","","P-ch","-30","+/-12","-3.6","","560","7.9","","","0.1496","0.0776","","0.057","","0.050","6","Y","ES6",
"SSM6J215FE","新製品","P-ch","-20","+/-8","-3.4","","630","10.4","","0.154","0.104","0.079","","0.059","","","6","Y","ES6",
"SSM6J216FE","新製品","P-ch","-12","+/-8","-4.8","","1040","12.7","","0.0881","0.056","0.0393","","0.032","","","6","Y","ES6",
"SSM6J23FE","","P-ch","-12","+/-8","1.2","","","","","","","0.210","0.140","","","","6","Y","ES6",
"SSM6J25FE","","P-ch","-20","+/-12","0.5","","","","","","","0.430","0.260","","","","6","Y","ES6",
"SSM6J26FE","","P-ch","-20","+/-8","0.5","","","","","","0.980","0.330","0.230","","","","6","Y","ES6",
"SSM6J401TU","","P-ch","-30","+/-20","-2.5","","","","","","","","0.145","","","0.073","6","Y","UF6",
"SSM6J402TU","","P-ch","-30","+/-20","-2","","","","","","","","0.225","","","0.117","6","Y","UF6",
"SSM6J409TU","","P-ch","-20","+/-8","-9.5","","1100","15.0","","0.0723","0.0462","0.0302","","0.0221","","","6","Y","UF6",
"SSM6J410TU","","P-ch","-30","+/-20","-2.1","","120","2.9","","","","","0.393","","","0.216","6","Y","UF6",
"SSM6J412TU","","P-ch","-20","+/-8","-4","","","","","0.0996","0.0678","0.0514","","0.0427","","","6","Y","UF6",
"SSM6J414TU","新製品","P-ch","-20","+/-8","-6","","","","","","","","","","","","6","Y","UF6",
"SSM6J501NU","","P-ch","-20","+/-8","-10","","2600","29.9","","0.043","0.0265","0.019","","0.0153","","","6","Y","UDFN6B",
"SSM6J502NU","","P-ch","-20","+/-8","-6","","1800","24.8","","0.0605","0.0384","0.0283","","0.0231","","","6","Y","UDFN6B",
"SSM6J503NU","","P-ch","-20","+/-8","-6","","840","12.8","","0.0896","0.0579","0.0417","","0.0324","","","6","Y","UDFN6B",
"SSM6J505NU","新製品","P-ch","-12","+/-6","-12","","2700","37.6","0.061","0.030","0.021","0.016","","0.012","","","6","Y","UDFN6B",
"SSM6J50TU","","P-ch","-20","+/-10","-2.5","","","","","","","0.100","","0.064","","","6","Y","UF6",
"SSM6J53FE","","P-ch","-20","+/-8","-1.8","","","","","0.364","0.204","0.136","","","","","6","Y","ES6",
"SSM6K202FE","","N-ch","30","+/-12","2.3","","","","","","0.145","0.101","0.085","","","","6","Y","ES6",
"SSM6K203FE","","N-ch","20","+/-10","2.8","","","","","0.153","0.106","0.076","0.061","","","","6","Y","ES6",
"SSM6K204FE","","N-ch","20","+/-10","2","","","","","0.307","0.214","0.164","0.126","","","","6","Y","ES6",
"SSM6K208FE","","N-ch","30","+/-12","1.9","","","","","","0.296","0.177","0.133","","","","6","Y","ES6",
"SSM6K210FE","","N-ch","30","+/-20","1.5","","","","","","","","0.36","","","0.217","6","Y","ES6",
"SSM6K211FE","","N-ch","30","+/-10","3.2","","","","","0.118","0.082","0.059","","0.047","","","6","Y","ES6",
"SSM6K22FE","","N-ch","20","+/-12","1.4","","","","","","","0.230","0.170","","","","6","Y","ES6",
"SSM6K24FE","","N-ch","30","+/-12","0.5","","","","","","","0.180","","0.145","","","6","Y","ES6",
"SSM6K25FE","","N-ch","20","+/-12","0.5","","","","","","0.395","0.190","0.145","","","","6","Y","ES6",
"SSM6K30FE","","N-ch","20","+/-20","1.2","","","","","","","","0.420","","","0.210","6","Y","ES6",
"SSM6K31FE","","N-ch","20","+/-20","1.2","","","","","","","","0.54","","","0.32","6","Y","ES6",
"SSM6K403TU","","N-ch","20","+/-10","4.2","","","","","0.066","0.043","0.032","0.028","","","","6","Y","UF6",
"SSM6K404TU","","N-ch","20","+/-10","3","","","","","0.147","0.100","0.070","0.055","","","","3","Y","UF6",
"SSM6K405TU","","N-ch","20","+/-10","2","","","","","0.307","0.214","0.164","0.126","","","","3","Y","UF6",
"SSM6K406TU","","N-ch","30","+/-20","4.6","","","","","","","","0.043","","","0.023","6","Y","UF6",
"SSM6K407TU","","N-ch","60","+/-20","2","","","","","","","","0.44","","","0.30","6","Y","UF6",
"SSM6K411TU","","N-ch","20","+/-12","10","","710","9.4","","","","0.0238","","0.012","","","6","Y","UF6",
"SSM6K504NU","新製品","N-ch","30","+/-20","9","","620","4.8","","","","","","0.026","","0.0195","6","Y","UDFN6B",
"SSM6L09FU","","N-ch + P-ch","-30","+/-20","-0.2","","","","","","","","4.2","","","2.7","6","Y","US6",
"SSM6L11TU","","N-ch + P-ch","-20","+/-12","-0.5","","","","","","","0.430","0.260","","","","6","Y","UF6",
"SSM6L12TU","","N-ch + P-ch","-20","+/-12","-0.5","","","","","","","0.430","0.260","","","","6","Y","UF6",
"SSM6L13TU","","N-ch + P-ch","-20","+/-8","-0.8","","","","","","0.46","0.306","0.234","","","","6","Y","UF6",
"SSM6L14FE","","N-ch + P-ch","-20","+/-8","-0.72","","","","","1.04","0.67","0.44","","0.3","","","6","Y","ES6",
"SSM6L16FE","","N-ch + P-ch","-20","+/-10","-0.1","","","","","45","","","","","","","6","Y","ES6",
"SSM6L35FE","","N-ch + P-ch","-20","+/-10","-0.1","","","","","22","","11","8","","","","6","Y","ES6",
"SSM6L35FU","","N-ch + P-ch","-20","+/-10","-0.1","","","","","22","","11","8","","","","6","Y","US6",
"SSM6L36FE","","N-ch + P-ch","-20","+/-8","-0.33","","","","","3.6","2.7","","","1.31","","","6","Y","ES6",
"SSM6L36TU","","N-ch + P-ch","-20","+/-8","-0.33","","","","","3.6","2.7","","","1.31","","","6","Y","UF6",
"SSM6L39TU","","N-ch + P-ch","-20","+/-8","-1.5","","","","","","0.43","0.294","0.213","","","","6","Y","UF6",
"SSM6L40TU","","N-ch + P-ch","-30","+/-20","-1.4","","","","","","","","0.403","","","0.226","6","Y","UF6",
"SSM6N09FU","","N-ch x 2","30","+/-20","0.4","","","","","","","","1.2","","","","6","Y","US6",
"SSM6N15AFE","","N-ch x 2","30","+/-20","0.1","","","","","","","6.0","3.6","","","","6","Y","ES6",
"SSM6N15AFU","","N-ch x 2","30","+/-20","0.1","","","","","","","6.0","3.6","","","","6","Y","US6",
"SSM6N15FU","","N-ch x 2","30","+/-20","0.1","","","","","","","7","","","","","6","Y","US6",
"SSM6N16FE","","N-ch x 2","20","+/-10","0.1","","","","","15","","","","","","","6","Y","ES6",
"SSM6N16FU","","N-ch x 2","20","+/-10","0.1","","","","","15","","","","","","","6","Y","US6",
"SSM6N17FU","","N-ch x 2","50","+/-7","0.1","","","","","","","40","","","","","6","Y","US6",
"SSM6N24TU","","N-ch x 2","30","+/-12","0.5","","","","","","","0.180","","0.145","","","6","Y","UF6",
"SSM6N25TU","","N-ch x 2","20","+/-12","0.5","","","","","","0.395","0.190","0.145","","","","6","Y","UF6",
"SSM6N35FE","","N-ch x 2","20","+/-10","0.18","","","","","8","","4","3","","","","6","Y","ES6",
"SSM6N35FU","","N-ch x 2","20","+/-10","0.18","","","","","8","","4","3","","","","6","Y","US6",
"SSM6N36FE","","N-ch x 2","20","+/-10","0.5","","","","","1.52","1.14","0.85","","0.66","","","6","Y","ES6",
"SSM6N36TU","","N-ch x 2","20","+/-10","0.5","","","","","1.52","1.14","0.85","","0.66","","","6","Y","UF6",
"SSM6N37CTD","","N-ch x 2","20","+/-10","0.25","","","","","5.60","4.05","3.02","","2.20","","","6","Y","CST6D",
"SSM6N37FE","","N-ch x 2","20","+/-10","0.25","","","","","5.60","4.05","3.02","","2.20","","","6","Y","ES6",
"SSM6N37FU","","N-ch x 2","20","+/-10","0.25","","","","","5.60","4.05","3.02","","2.20","","","6","Y","US6",
"SSM6N39TU","","N-ch x 2","20","+/-10","1.6","","","","","0.296","0.201","0.144","0.111","","","","6","Y","UF6",
"SSM6N40TU","","N-ch x 2","30","+/-20","1.6","","","","","","","","0.187","","","0.124","6","Y","UF6",
"SSM6N42FE","","N-ch x 2","20","+/-10","0.8","","","","","0.6","0.45","0.33","","0.24","","","6","Y","ES6",
"SSM6N43FU","","N-ch x 2","20","+/-10","0.5","","","","","1.52","1.14","0.85","","0.66","","","6","Y","US6",
"SSM6N44FE","","N-ch x 2","30","+/-20","0.1","","","","","","","7.0","4.0","","","","6","Y","ES6",
"SSM6N44FU","","N-ch x 2","30","+/-20","0.1","","","","","","","7.0","4.0","","","","6","Y","US6",
"SSM6N48FU","","N-ch x 2","30","+/-20","0.1","","","","","","","5.4","","","","","6","Y","US6",
"SSM6N55NU","新製品","N-ch x 2","30","+/-20","4","","","","","","","","","0.064","","0.046","6","Y","UDFN6",
"SSM6N57NU","新製品","N-ch x 2","30","+/-12","4","","","","","","0.082","0.053","","0.0391","","","6","Y","UDFN6",
"SSM6N58NU","新製品","N-ch x 2","30","+/-12","4","","","","","","0.180","0.117","","0.084","","","6","Y","UDFN6",
"SSM6N7002BFE","","N-ch x 2","60","+/-20","0.2","","","","","","","","","3.3","","2.1","6","Y","ES6",
"SSM6N7002BFU","","N-ch x 2","60","+/-20","0.2","","","","","","","","","3.3","","2.1","6","Y","US6",
"SSM6N7002FU","","N-ch x 2","60","+/-20","0.2","","","","","","","","","3.3","","","6","Y","US6",
"SSM6P15FE","","P-ch x 2","-30","+/-20","-0.1","","","","","","","32","","","","","6","Y","ES6",
"SSM6P15FU","","P-ch x 2","-30","+/-20","-0.1","","","","","","","32","","","","","6","Y","US6",
"SSM6P16FE","","P-ch x 2","-20","+/-10","-0.1","","","","","45","","","","","","","6","Y","ES6",
"SSM6P16FU","","P-ch x 2","-20","+/-10","-0.1","","","","","45","","","","","","","6","Y","US6",
"SSM6P25TU","","P-ch x 2","-20","+/-12","-0.5","","","","","","","0.430","0.260","","","","6","Y","UF6",
"SSM6P28TU","","P-ch x 2","-20","+/-8","-0.8","","","","","","0.46","0.306","0.234","","","","6","Y","UF6",
"SSM6P35FE","","P-ch x 2","-20","+/-10","-0.1","","","","","22","","11","8","","","","6","Y","ES6",
"SSM6P35FU","","P-ch x 2","-20","+/-10","-0.1","","","","","22","","11","8","","","","6","Y","US6",
"SSM6P36FE","","P-ch x 2","-20","+/-8","-0.33","","","","","3.48","2.7","","","1.32","","","6","Y","ES6",
"SSM6P36TU","","P-ch x 2","-20","+/-8","-0.33","","","","","3.48","2.7","","","1.32","","","6","Y","UF6",
"SSM6P39TU","","P-ch x 2","-20","+/-8","-1.6","","","","","","0.487","0.289","0.134","","","","6","Y","UF6",
"SSM6P40TU","","P-ch x 2","-30","+/-20","-1.3","","","","","","","","0.518","","","0.259","6","Y","UF6",
"SSM6P41FE","","P-ch x 2","-20","+/-8","-0.72","","","","","1.04","0.67","0.44","","0.30","","","6","Y","ES6",
"SSM6P47NU","","P-ch x 2","-20","+/-8","-4","","","","","0.242","0.170","0.125","","0.095","","","6","Y","UDFN6",
"SSM6P49NU","","P-ch x 2","-20","+/-12","-4","","","","","","0.157","0.076","","0.056","","0.045","6","Y","UDFN6",
"SSM6P54TU","","P-ch x 2","-20","+/-8","-1.2","","","","","0.555","0.350","0.228","","","","","6","Y","UF6",
"TJ100F04M3L","","P-ch","-40","","-100","250","","250","","","","","","","0.0054","0.0036","3","Y","TO-220SM(W)",
"TJ100F06M3L","","P-ch","-60","","-100","250","","250","","","","","","","0.0107","0.0071","3","Y","TO-220SM(W)",
"TJ10S04M3L","","P-ch","-40","","-10","27","930","19","","","","","","","0.062","0.044","3","Y","DPAK+",
"TJ11A10M3","","P-ch","-100","","-11","24","3200","69","","","","","","","","0.13","3","N","TO-220SIS",
"TJ150F04M3L","","P-ch","-40","","-150","300","","390","","","","","","","0.0042","0.0028","3","Y","TO-220SM(W)",
"TJ150F06M3L","","P-ch","-60","","-150","300","12500","420","","","","","","","0.0061","0.0056","3","Y","TO-220SM(W)",
"TJ15P04M3","","P-ch","-40","","-15","29","1100","26","","","","","","0.048","","0.036","3","Y","DPAK",
"TJ15S06M3L","","P-ch","-60","","-15","41","1770","36","","","","","","","0.063","0.05","3","Y","DPAK+",
"TJ20A10M3","","P-ch","-100","","-20","35","5500","120","","","","","","","","0.090","3","N","TO-220SIS",
"TJ20S04M3L","","P-ch","-40","","-20","41","1850","37","","","","","","","0.032","0.0222","3","Y","DPAK+",
"TJ30S06M3L","","P-ch","-60","","-30","68","3950","80","","","","","","","0.028","0.0218","3","Y","DPAK+",
"TJ40S04M3L","","P-ch","-40","","-40","68","4140","83","","","","","","","0.013","0.0091","3","Y","DPAK+",
"TJ50S06M3L","","P-ch","-60","","-50","90","6290","124","","","","","","","0.0174","0.0138","3","Y","DPAK+",
"TJ60S04M3L","","P-ch","-40","","-60","90","6510","125","","","","","","","0.0094","0.0063","3","Y","DPAK+",
"TJ60S06M3L","","P-ch","-60","","-60","100","7760","156","","","","","","","0.0145","0.0112","3","Y","DPAK+",
"TJ70A06J3","","P-ch","-60","","-70","54","","246","","","","","","0.01","","0.008","3","N","TO-220SIS",
"TJ80S04M3L","","P-ch","-40","","-80","100","7770","158","","","","","","","0.0079","0.0052","3","Y","DPAK+",
"TJ8S06M3L","","P-ch","-60","","-8","27","890","19","","","","","","","0.13","0.104","3","Y","DPAK+",
"TJ9A10M3","","P-ch","-100","","-9","19","2900","47","","","","","","","","0.17","3","N","TO-220SIS",
"TK100A06N1","","N-ch","60","","263","45","","140","","","","","","","","0.0027","3","N","TO-220SIS",
"TK100A08N1","","N-ch","80","","214","45","9000","130","","","","","","","","0.0032","3","N","TO-220SIS",
"TK100A10N1","","N-ch","100","","207","45","8800","140","","","","","","","","0.0038","3","N","TO-220SIS",
"TK100E06N1","","N-ch","60","","263","255","","140","","","","","","","","0.0023","3","N","TO-220",
"TK100E08N1","","N-ch","80","","214","255","9000","130","","","","","","","","0.0032","3","N","TO-220",
"TK100E10N1","","N-ch","100","","207","255","8800","140","","","","","","","","0.0034","3","N","TO-220",
"TK100F04K3L","","N-ch","40","","100","180","4980","105","","","","","","","0.0045","0.003","3","Y","TO-220SM(W)",
"TK100F04K3","","N-ch","40","","100","180","4500","102","","","","","","","","0.003","3","Y","TO-220SM(W)",
"TK100F06K3","","N-ch","60","","100","180","4500","98","","","","","","","","0.005","3","Y","TO-220SM(W)",
"TK100L60W","新製品","N-ch","600","","100","800","15000","360","","","","","","","","0.018","3","N","TO-3P(L)",
"TK100S04N1L","","N-ch","40","","100","100","5490","76","","","","","","0.0045","","0.0023","3","Y","DPAK+",
"TK10A50D","","N-ch","500","","10","45","1050","20","","","","","","","","0.72","3","N","TO-220SIS",
"TK10A55D","","N-ch","550","","10","45","1200","24","","","","","","","","0.72","3","N","TO-220SIS",
"TK10A60D","","N-ch","600","","10","45","1350","25","","","","","","","","0.75","3","N","TO-220SIS",
"TK10A60W","新製品","N-ch","600","","9.7","30","700","20","","","","","","","","0.38","3","N","TO-220SIS",
"TK10E60W","新製品","N-ch","600","","9.7","100","700","20","","","","","","","","0.38","3","N","TO-220",
"TK10P60W","新製品","N-ch","600","","9.7","80","700","20","","","","","","","","0.43","3","Y","DPAK",
"TK10Q60W","開発中","N-ch","600","","9.7","80","700","20","","","","","","","","0.43","3","N","IPAK",
"TK10S04K3L","","N-ch","40","","10","25","410","10","","","","","","","0.054","0.028","3","Y","DPAK+",
"TK10X40D","","N-ch","400","","10","125","1050","20","","","","","","","","0.55","4","Y","TFP",
"TK11A45D","","N-ch","450","","11","40","1050","20","","","","","","","","0.62","3","N","TO-220SIS",
"TK11A50D","","N-ch","500","","11","45","1200","38","","","","","","","","0.6","3","N","TO-220SIS",
"TK11A55D","","N-ch","550","","11","45","1350","25","","","","","","","","0.63","3","N","TO-220SIS",
"TK11A60D","","N-ch","600","","11","45","1550","28","","","","","","","","0.65","3","N","TO-220SIS",
"TK11A65D","","N-ch","650","","11","45","1700","30","","","","","","","","0.7","3","N","TO-220SIS",
"TK12A10K3","","N-ch","100","","12","20","780","18","","","","","","","","0.08","3","N","TO-220SIS",
"TK12A45D","","N-ch","450","","12","45","1200","24","","","","","","","","0.52","3","N","TO-220SIS",
"TK12A50D","","N-ch","500","","12","45","1350","25","","","","","","","","0.52","3","N","TO-220SIS",
"TK12A53D","","N-ch","525","","12","45","1350","25","","","","","","","","0.58","3","N","TO-220SIS",
"TK12A55D","","N-ch","550","","12","45","1550","28","","","","","","","","0.57","3","N","TO-220SIS",
"TK12A60D","","N-ch","600","","12","45","1800","38","","","","","","","","0.55","3","N","TO-220SIS",
"TK12A60U","","N-ch","600","","12","35","720","14","","","","","","","","0.4","3","N","TO-220SIS",
"TK12A60W","新製品","N-ch","600","","11.5","35","890","25","","","","","","","","0.3","3","N","TO-220SIS",
"TK12A65D","","N-ch","650","","12","50","2300","40","","","","","","","","0.54","3","N","TO-220SIS",
"TK12E60U","","N-ch","600","","12","144","720","14","","","","","","","","0.4","3","N","TO-220",
"TK12E60W","新製品","N-ch","600","","11.5","110","890","25","","","","","","","","0.3","3","N","TO-220",
"TK12J55D","","N-ch","550","","12","190","1550","28","","","","","","","","0.57","3","N","TO-3P(N)",
"TK12J60U","","N-ch","600","","12","144","720","14","","","","","","","","0.4","3","N","TO-3P(N)",
"TK12J60W","新製品","N-ch","600","","11.5","110","890","25","","","","","","","","0.3","3","N","TO-3P(N)",
"TK12P60W","新製品","N-ch","600","","11.5","100","890","25","","","","","","","","0.34","3","Y","DPAK",
"TK12Q60W","新製品","N-ch","600","","11.5","100","890","25","","","","","","","","0.34","3","N","IPAK",
"TK12X53D","","N-ch","525","","12","150","1350","12","","","","","","","","0.58","4","Y","TFP",
"TK130F06K3","","N-ch","60","","130","300","8400","170","","","","","","","","0.0034","3","Y","TO-220SM(W)",
"TK13A25D","","N-ch","250","","13","35","1100","25","","","","","","","","0.25","3","N","TO-220SIS",
"TK13A45D","","N-ch","450","","13","45","1350","25","","","","","","","","0.46","3","N","TO-220SIS",
"TK13A50DA","","N-ch","500","","12.5","45","1550","28","","","","","","","","0.47","3","N","TO-220SIS",
"TK13A50D","","N-ch","500","","13","45","1800","38","","","","","","","","0.4","3","N","TO-220SIS",
"TK13A55DA","","N-ch","550","","12.5","45","1800","38","","","","","","","","0.48","3","N","TO-220SIS",
"TK13A60D","","N-ch","600","","13","50","2300","40","","","","","","","","0.43","3","N","TO-220SIS",
"TK13A65D","","N-ch","650","","13","50","2600","45","","","","","","","","0.47","3","N","TO-220SIS",
"TK13A65U","","N-ch","650","","13","40","950","17","","","","","","","","0.38","3","N","TO-220SIS",
"TK13E25D","","N-ch","250","","13","102","1100","25","","","","","","","","0.25","3","N","TO-220AB",
"TK13J65U","","N-ch","650","","13","170","950","17","","","","","","","","0.38","3","","TO-3P(N)",
"TK13P25D","","N-ch","250","","13","96","1100","25","","","","","","","","0.25","3","Y","DPAK",
"TK14A45DA","","N-ch","450","","13.5","45","1550","28","","","","","","","","0.41","3","","TO-220SIS",
"TK14A45D","","N-ch","450","","14","45","1800","38","","","","","","","","0.34","3","","TO-220SIS",
"TK14A55D","","N-ch","550","","14","50","2300","40","","","","","","","","0.37","3","N","TO-220SIS",
"TK150F04K3L","","N-ch","40","","150","300","9400","190","","","","","","","0.0031","0.0021","3","Y","TO-220SM(W)",
"TK150F04K3","","N-ch","40","","150","300","7500","166","","","","","","","","0.0021","3","Y","TO-220SM(W)",
"TK15A20D","","N-ch","200","","15","35","1050","26","","","","","","","","0.18","3","N","TO-220SIS",
"TK15A50D","","N-ch","500","","15","50","2300","40","","","","","","","","0.3","3","N","TO-220SIS",
"TK15A60D","","N-ch","600","","15","50","2600","45","","","","","","","","0.37","3","N","TO-220SIS",
"TK15A60U","","N-ch","600","","15","40","950","17","","","","","","","","0.3","3","N","TO-220SIS",
"TK15E60U","","N-ch","600","","15","170","950","17","","","","","","","","0.3","3","N","TO-220",
"TK15J50D","","N-ch","500","","15","210","1800","38","","","","","","","","0.4","3","N","TO-3P(N)",
"TK15J60U","","N-ch","600","","15","170","950","17","","","","","","","","0.3","3","N","TO-3P(N)",
"TK16A45D","","N-ch","450","","16","50","2300","40","","","","","","","","0.27","3","","TO-220SIS",
"TK16A55D","","N-ch","550","","16","50","2600","45","","","","","","","","0.33","3","N","TO-220SIS",
"TK16A60W5","新製品","N-ch","600","","15.8","40","1350","43","","","","","","","","0.23","3","N","TO-220SIS",
"TK16A60W","新製品","N-ch","600","","15.8","40","1350","38","","","","","","","","0.19","3","N","TO-220SIS",
"TK16C60W","開発中","N-ch","600","","15.8","130","1350","38","","","","","","","","0.19","3","N","I2PAK",
"TK16E60W","新製品","N-ch","600","","15.8","130","1350","38","","","","","","","","0.19","3","N","TO-220",
"TK16G60W","新製品","N-ch","600","","15.8","130","1350","38","","","","","","","","0.19","3","Y","D2PAK",
"TK16J55D","","N-ch","550","","16","250","2300","40","","","","","","","","0.37","3","N","TO-3P(N)",
"TK16J60W","新製品","N-ch","600","","15.8","130","1350","38","","","","","","","","0.19","3","N","TO-3P(N)",
"TK16N60W","新製品","N-ch","600","","15.8","130","1350","38","","","","","","","","0.19","3","N","TO-247",
"TK17A25D","","N-ch","250","","17","45","1650","43","","","","","","","","0.15","3","N","TO-220SIS",
"TK17A65U","","N-ch","650","","17","45","1450","27","","","","","","","","0.26","3","N","TO-220SIS",
"TK17J65U","","N-ch","650","","17","190","1450","27","","","","","","","","0.26","3","N","TO-3P(N)",
"TK18A30D","","N-ch","300","","18","45","2600","60","","","","","","","","0.139","3","N","TO-220SIS",
"TK18A50D","","N-ch","500","","18","50","2600","45","","","","","","","","0.27","3","N","TO-220SIS",
"TK18E10K3","","N-ch","100","","18","71","","33","","","","","","","","0.042","3","N","TO-220",
"TK19A45D","","N-ch","450","","19","50","2600","50","","","","","","","","0.25","3","N","TO-220SIS",
"TK19J55D","","N-ch","550","","19","280","2600","45","","","","","","","","0.33","3","N","TO-3P(N)",
"TK1P90A","","N-ch","900","","1","20","320","13","","","","","","","","9","3","Y","New PW-Mold",
"TK1Q90A","","N-ch","900","","1","20","320","13","","","","","","","","9","3","N","New PW-Mold2",
"TK20A20D","","N-ch","200","","20","45","1650","43","","","","","","","","0.109","3","N","TO-220SIS",
"TK20A25D","","N-ch","250","","20","45","2550","55","","","","","","","","0.1","3","N","TO-220SIS",
"TK20A60U","","N-ch","600","","20","45","1470","27","","","","","","","","0.19","3","N","TO-220SIS",
"TK20A60W","新製品","N-ch","600","","20","40","1680","48","","","","","","","","0.155","3","N","TO-220SIS",
"TK20C60W","新製品","N-ch","600","","20","165","1680","48","","","","","","","","0.155","3","N","I2PAK",
"TK20E60W","","N-ch","600","","20","165","1680","48","","","","","","","","0.155","3","N","TO-220",
"TK20G60W","新製品","N-ch","600","","20","165","1680","48","","","","","","","","0.155","3","Y","D2PAK",
"TK20J50D","","N-ch","500","","20","280","2600","45","","","","","","","","0.27","3","N","TO-3P(N)",
"TK20J60W","新製品","N-ch","600","","20","165","1680","48","","","","","","","","0.155","3","N","TO-3P(N)",
"TK20N60W","新製品","N-ch","600","","20","165","1680","48","","","","","","","","0.155","3","N","TO-247",
"TK20P04M1","","N-ch","40","","20","27","985","15","","","","","","0.034","","0.029","3","Y","DPAK",
"TK20S04K3L","","N-ch","40","","20","38","820","18","","","","","","","0.026","0.014","3","Y","DPAK+",
"TK20S06K3L","","N-ch","60","","20","38","780","18","","","","","","","0.04","0.029","3","Y","DPAK+",
"TK22A10N1","","N-ch","100","","52","30","1800","28","","","","","","","","0.0138","3","N","TO-220SIS",
"TK22E10N1","","N-ch","100","","52","72","1800","28","","","","","","","","0.0138","3","N","TO-220",
"TK25A10K3","","N-ch","100","","25","25","1580","34","","","","","","","","0.040","3","N","TO-220SIS",
"TK25A20D","","N-ch","200","","25","45","2550","60","","","","","","","","0.07","3","N","TO-220SIS",
"TK25E06K3","","N-ch","60","","25","60","1255","29","","","","","","","","0.018","3","N","TO-220",
"TK2A65D","","N-ch","650","","2","30","380","9","","","","","","","","3.26","3","N","TO-220SIS",
"TK2P60D","","N-ch","600","","2","60","280","7","","","","","","","","4.3","3","Y","New PW-Mold",
"TK2Q60D","","N-ch","600","","2","60","280","7","","","","","","","","4.3","3","N","New PW-Mold2",
"TK30A06N1","","N-ch","60","","43","25","","16","","","","","","","","0.015","3","N","TO-220SIS",
"TK30E06N1","","N-ch","60","","43","53","","16","","","","","","","","0.015","3","N","TO-220",
"TK30S06K3L","","N-ch","60","","30","58","1350","28","","","","","","","0.03","0.018","3","Y","DPAK+",
"TK31A60W","新製品","N-ch","600","","30.8","45","3000","86","","","","","","","","0.088","3","N","TO-220SIS",
"TK31E60W","新製品","N-ch","600","","30.8","230","3000","86","","","","","","","","0.088","3","N","TO-220",
"TK31J60W5","新製品","N-ch","600","","30.8","230","3000","105","","","","","","","","0.099","3","N","TO-3P(N)",
"TK31J60W","新製品","N-ch","600","","30.8","230","3000","86","","","","","","","","0.088","3","N","TO-3P(N)",
"TK31N60W","新製品","N-ch","600","","30.8","230","3000","86","","","","","","","","0.088","3","N","TO-247",
"TK32A12N1","","N-ch","120","","60","30","2000","34","","","","","","","","0.0138","3","N","TO-220SIS",
"TK32E12N1","","N-ch","120","","60","98","2000","34","","","","","","","","0.0138","3","N","TO-220",
"TK34A10N1","","N-ch","100","","75","35","2600","38","","","","","","","","0.0095","3","N","TO-220SIS",
"TK34E10N1","","N-ch","100","","75","103","2600","38","","","","","","","","0.0095","3","N","TO-220",
"TK35A08N1","","N-ch","80","","55","30","","25","","","","","","","","0.0122","3","N","TO-220SIS",
"TK35E08N1","","N-ch","80","","55","72","","25","","","","","","","","0.0122","3","N","TO-220",
"TK35S04K3L","","N-ch","40","","35","58","1370","28","","","","","","","0.015","0.0103","3","Y","DPAK+",
"TK39A60W","新製品","N-ch","600","","38.8","50","4100","110","","","","","","","","0.065","3","N","TO-220SIS",
"TK39J60W5","新製品","N-ch","600","","38.8","270","4100","135","","","","","","","","0.074","3","N","TO-3P(N)",
"TK39J60W","新製品","N-ch","600","","38.8","270","4100","110","","","","","","","","0.065","3","N","TO-3P(N)",
"TK39N60W","新製品","N-ch","600","","38.8","270","4100","110","","","","","","","","0.065","3","N","TO-247",
"TK3A60DA","","N-ch","600","","2.5","30","380","9","","","","","","","","2.8","3","N","TO-220SIS",
"TK3A65DA","","N-ch","650","","2.5","35","490","11","","","","","","","","2.51","3","N","TO-220SIS",
"TK3A65D","","N-ch","650","","3","35","540","11","","","","","","","","2.25","3","N","TO-220SIS",
"TK3P50D","","N-ch","500","","3","60","280","7","","","","","","","","3","3","Y","DPAK",
"TK40A06N1","","N-ch","60","","60","30","","23","","","","","","","","0.0104","3","N","TO-220SIS",
"TK40A08K3","","N-ch","75","","40","42","3600","80","","","","","","","","0.009","3","N","TO-220SIS",
"TK40A10K3","","N-ch","100","","40","40","4000","85","","","","","","","","0.015","3","N","TO-220SIS",
"TK40A10N1","","N-ch","100","","90","35","3000","49","","","","","","","","0.0082","3","N","TO-220SIS",
"TK40E06N1","","N-ch","60","","60","67","","23","","","","","","","","0.0104","3","N","TO-220",
"TK40E10K3","","N-ch","100","","40","147","4000","84","","","","","","","","0.015","3","N","TO-220",
"TK40E10N1","","N-ch","100","","90","126","3000","49","","","","","","","","0.0082","3","N","TO-220",
"TK40M60U","","N-ch","600","","40","90","3400","55","","","","","","","","0.08","3","N","TO-3P(N)IS",
"TK40P03M1","","N-ch","30","","40","40","1150","17.5","","","","","","0.0144","","0.0108","3","Y","DPAK",
"TK40P04M1","","N-ch","40","","40","47","1920","29","","","","","","0.0134","","0.011","3","Y","DPAK",
"TK40S10K3Z","","N-ch","100","","40","93","3110","61","","","","","","","","","3","","DPAK+",
"TK40X10J1","","N-ch","100","","40","125","3300","59","","","","","","","","0.02","4","Y","TFP",
"TK42A12N1","","N-ch","120","","88","35","3100","52","","","","","","","","0.0094","3","N","TO-220SIS",
"TK42E12N1","","N-ch","120","","88","140","3100","52","","","","","","","","0.0094","3","N","TO-220",
"TK45P03M1","","N-ch","30","","45","39","1500","25","","","","","","0.012","","0.0097","3","Y","DPAK",
"TK46A08N1","","N-ch","80","","80","35","","37","","","","","","","","0.0084","3","N","TO-220SIS",
"TK46E08N1","","N-ch","80","","80","103","","37","","","","","","","","0.0084","3","N","TO-220",
"TK4A50D","","N-ch","500","","4","30","380","9","","","","","","","","2.0","3","N","TO-220SIS",
"TK4A53D","","N-ch","525","","4","35","490","11","","","","","","","","1.7","3","N","TO-220SIS",
"TK4A55DA","","N-ch","550","","3.5","30","380","9","","","","","","","","2.45","3","N","TO-220SIS",
"TK4A55D","","N-ch","550","","4","35","490","11","","","","","","","","1.88","3","N","TO-220SIS",
"TK4A60DA","","N-ch","600","","3.5","35","490","11","","","","","","","","2.2","3","N","TO-220SIS",
"TK4A60DB","","N-ch","600","","3.7","35","540","11","","","","","","","","2.2","3","N","TO-220SIS",
"TK4A60D","","N-ch","600","","4","35","600","12","","","","","","","","1.7","3","N","TO-220SIS",
"TK4A65DA","","N-ch","650","","3.5","35","600","12","","","","","","","","1.9","3","N","TO-220SIS",
"TK4P50D","","N-ch","500","","4","80","380","9","","","","","","","","2","3","Y","DPAK",
"TK4P55DA","","N-ch","550","","3.5","80","380","9","","","","","","","","2.45","3","Y","DPAK",
"TK4P55D","","N-ch","550","","4","80","490","11","","","","","","","","1.88","3","Y","DPAK",
"TK4P60DA","","N-ch","600","","3.5","80","490","11","","","","","","","","2.2","3","Y","DPAK",
"TK4P60DB","","N-ch","600","","3.7","80","540","11","","","","","","","","2","3","Y","DPAK",
"TK4P60D","","N-ch","600","","4","100","600","12","","","","","","","","1.7","3","Y","DPAK",
"TK4Q60DA","","N-ch","600","","3.5","80","490","11","","","","","","","","2.2","3","N","New PW-Mold2",
"TK50A04K3","","N-ch","40","","50","42","4500","102","","","","","","","","0.0035","3","N","TO-220SIS",
"TK50E06K3A","","N-ch","60","","50","104","2670","54","","","","","","","","0.0085","3","N","TO-220",
"TK50F15J1","","N-ch","150","","50","300","4300","75","","","","","","","","","3","","TO-220SM(W)",
"TK50P03M1","","N-ch","30","","50","47","1700","25.3","","","","","","0.0098","","0.0075","3","Y","DPAK",
"TK50P04M1","","N-ch","40","","50","60","2600","38","","","","","","0.0102","","0.0087","3","Y","DPAK",
"TK50S04K3L","","N-ch","40","","50","68","2010","42","","","","","","","0.01","0.0054","3","Y","DPAK+",
"TK50X15J1","","N-ch","150","","50","125","4300","75","","","","","","","","0.03","4","Y","TFP",
"TK55S10N1","","N-ch","100","","55","100","3280","49","","","","","","","","0.0065","3","Y","DPAK+",
"TK56A12N1","","N-ch","120","","112","45","4200","69","","","","","","","","0.0075","3","N","TO-220SIS",
"TK56E12N1","","N-ch","120","","112","168","4200","69","","","","","","","","0.007","3","N","TO-220",
"TK58A06N1","","N-ch","60","","105","35","","46","","","","","","","","0.0054","3","N","TO-220SIS",
"TK58E06N1","","N-ch","60","","105","110","","46","","","","","","","","0.0054","3","N","TO-220",
"TK5A45DA","","N-ch","450","","4.5","30","380","9","","","","","","","","1.75","3","N","TO-220SIS",
"TK5A50D","","N-ch","500","","5","35","490","11","","","","","","","","1.5","3","N","TO-220SIS",
"TK5A53D","","N-ch","525","","5","35","540","11","","","","","","","","1.5","3","N","TO-220SIS",
"TK5A55D","","N-ch","550","","5","35","540","11","","","","","","","","1.7","3","N","TO-220SIS",
"TK5A60D","","N-ch","600","","5","35","700","16","","","","","","","","1.43","3","N","TO-220SIS",
"TK5A60W","新製品","N-ch","600","","5.4","30","380","10.5","","","","","","","","0.9","3","N","TO-220SIS",
"TK5A65DA","","N-ch","650","","4.5","35","700","16","","","","","","","","1.67","3","N","TO-220SIS",
"TK5A65D","","N-ch","650","","5","40","800","16","","","","","","","","1.5","3","N","TO-220SIS",
"TK5P50D","","N-ch","500","","5","80","490","11","","","","","","","","1.5","3","Y","DPAK",
"TK5P53D","","N-ch","525","","5","80","540","11","","","","","","","","1.5","3","Y","DPAK",
"TK5P60W","新製品","N-ch","600","","5.4","60","380","10.5","","","","","","","","0.9","3","Y","DPAK",
"TK5Q60W","新製品","N-ch","600","","5.4","60","380","10.5","","","","","","","","0.9","3","N","IPAK",
"TK60P03M1","","N-ch","30","","60","63","2700","40","","","","","","0.0078","","0.0064","3","Y","DPAK",
"TK60S06K3L","","N-ch","60","","60","88","2900","60","","","","","","","0.012","0.008","3","Y","DPAK+",
"TK62J60W","新製品","N-ch","600","","61.8","400","6500","180","","","","","","","","0.04","3","N","TO-3P(N)",
"TK62N60W","新製品","N-ch","600","","61.8","400","6500","180","","","","","","","","0.04","3","N","TO-247",
"TK65A10N1","","N-ch","100","","148","45","5400","81","","","","","","","","0.0048","3","N","TO-220SIS",
"TK65E10N1","","N-ch","100","","148","192","5400","81","","","","","","","","0.0048","3","N","TO-220",
"TK65S04K3L","","N-ch","40","","65","88","2800","63","","","","","","","0.0079","0.0045","3","Y","DPAK+",
"TK6A45DA","","N-ch","450","","5.5","35","490","11","","","","","","","","1.35","3","N","TO-220SIS",
"TK6A50D","","N-ch","500","","6","35","540","11","","","","","","","","1.4","3","N","TO-220SIS",
"TK6A53D","","N-ch","525","","6","35","600","12","","","","","","","","1.3","3","N","TO-220SIS",
"TK6A55DA","","N-ch","550","","5.5","35","600","12","","","","","","","","1.48","3","N","TO-220SIS",
"TK6A60D","","N-ch","600","","6","40","800","16","","","","","","","","1.25","3","N","TO-220SIS",
"TK6A60W","新製品","N-ch","600","","6.2","30","390","12","","","","","","","","0.75","3","N","TO-220SIS",
"TK6A65D","","N-ch","650","","6","45","1050","20","","","","","","","","1.11","3","N","TO-220SIS",
"TK6P53D","","N-ch","525","","6","100","600","6","","","","","","","","1.3","3","N","DPAK",
"TK6P60W","新製品","N-ch","600","","6.2","60","390","12","","","","","","","","0.82","3","Y","DPAK",
"TK6Q60W","新製品","N-ch","600","","6.2","60","390","12","","","","","","","","0.82","3","N","IPAK",
"TK70J04J3","","N-ch","40","","70","150","12400","210","","","","","","0.0083","","0.0038","3","N","TO-3P(N)",
"TK70J20D","","N-ch","200","","70","410","6950","160","","","","","","","","0.027","3","N","TO-3P(N)",
"TK70X04K3Z","","N-ch","40","","70","80","","62","","","","","","","","0.0056","4","Y","TFP",
"TK70X04K3","","N-ch","40","","70","80","","62","","","","","","","","0.0056","4","Y","TFP",
"TK70X06K3","","N-ch","60","","70","80","2650","62","","","","","","","","0.008","4","Y","TFP",
"TK72A08N1","","N-ch","80","","157","45","","81","","","","","","","","0.0045","3","N","TO-220SIS",
"TK72A12N1","","N-ch","120","","179","45","8100","130","","","","","","","","0.0045","3","N","TO-220SIS",
"TK72E08N1","","N-ch","80","","157","192","","81","","","","","","","","0.0043","3","N","TO-220",
"TK72E12N1","","N-ch","120","","179","255","","130","","","","","","","","0.0044","3","N","TO-220",
"TK75A06K3","","N-ch","60","","75","35","4500","85","","","","","","","","0.0055","3","N","TO-220SIS",
"TK7A45DA","","N-ch","450","","6.5","35","540","11","","","","","","","","1.2","3","N","TO-220SIS",
"TK7A50D","","N-ch","500","","7","35","600","12","","","","","","","","1.22","3","N","TO-220SIS",
"TK7A55D","","N-ch","550","","7","35","700","16","","","","","","","","1.25","3","N","TO-220SIS",
"TK7A60W","新製品","N-ch","600","","7","30","490","15","","","","","","","","0.6","3","N","TO-220SIS",
"TK7A65D","","N-ch","650","","7","45","1200","24","","","","","","","","0.98","3","N","TO-220SIS",
"TK7P50D","","N-ch","500","","7","100","600","12","","","","","","","","1.22","3","Y","DPAK",
"TK7P60W","新製品","N-ch","600","","7","60","490","15","","","","","","","","0.6","3","Y","DPAK",
"TK7Q60W","新製品","N-ch","600","","7","60","490","15","","","","","","","","0.6","3","N","IPAK",
"TK80A04K3L","","N-ch","40","","80","48","9400","190","","","","","","","0.0035","0.0024","3","N","TO-220SIS",
"TK80A08K3","","N-ch","75","","80","40","8200","175","","","","","","","","0.0045","3","N","TO-220SIS",
"TK80E06K3A","","N-ch","60","","80","125","4500","90","","","","","","","","0.0058","3","N","TO-220",
"TK80F08K3","","N-ch","75","","80","300","8200","175","","","","","","","","0.0043","3","Y","TO-220SM(W)",
"TK80S04K3L","","N-ch","40","","80","100","4340","87","","","","","","","0.0048","0.0031","3","Y","DPAK+",
"TK80S06K3L","","N-ch","60","","80","100","4200","85","","","","","","","0.0078","0.0055","3","Y","DPAK+",
"TK80X04K3L","","N-ch","40","","80","125","","105","","","","","","","0.0042","0.0035","4","Y","TFP",
"TK80X04K3","","N-ch","40","","80","125","4600","100","","","","","","","","0.0035","4","Y","TFP",
"TK8A10K3","","N-ch","100","","8","18","530","12.9","","","","","","","","0.12","3","N","TO-220SIS",
"TK8A25DA","","N-ch","250","","7.5","30","550","16","","","","","","","","0.5","3","N","TO-220SIS",
"TK8A45DA","","N-ch","450","","7.5","35","600","12","","","","","","","","1.1","3","N","TO-220SIS",
"TK8A45D","","N-ch","450","","8","35","700","14","","","","","","","","0.9","3","N","TO-220SIS",
"TK8A50DA","","N-ch","500","","7.5","35","700","16","","","","","","","","1.04","3","N","TO-220SIS",
"TK8A50D","","N-ch","500","","8","40","800","16","","","","","","","","0.85","3","N","TO-220SIS",
"TK8A55DA","","N-ch","550","","7.5","40","800","16","","","","","","","","1.07","3","N","TO-220SIS",
"TK8A60DA","","N-ch","600","","7.5","45","1050","20","","","","","","","","1.0","3","N","TO-220SIS",
"TK8A60W","新製品","N-ch","600","","8","30","570","18.5","","","","","","","","0.5","3","N","TO-220SIS",
"TK8A65D","","N-ch","650","","8","45","1350","25","","","","","","","","0.84","3","N","TO-220SIS",
"TK8P25DA","","N-ch","250","","7.5","55","550","16","","","","","","","","0.5","3","Y","DPAK",
"TK8P60W","新製品","N-ch","600","","8","80","570","18.5","","","","","","","","0.5","3","Y","DPAK",
"TK8Q60W","新製品","N-ch","600","","8","80","570","18.5","","","","","","","","0.5","3","N","IPAK",
"TK8S06K3L","","N-ch","60","","8","25","400","10","","","","","","","0.08","0.054","3","Y","DPAK+",
"TK9A20DA","","N-ch","200","","8.5","30","550","14","","","","","","","","0.4","3","N","TO-220SIS",
"TK9A45D","","N-ch","450","","9","40","800","16","","","","","","","","0.77","3","N","TO-220SIS",
"TK9A55DA","","N-ch","550","","8.5","40","1050","20","","","","","","","","0.86","3","N","TO-220SIS",
"TK9A60D","","N-ch","600","","9","45","1200","24","","","","","","","","0.83","3","N","TO-220SIS",
"TPC6008-H","","N-ch","30","","5.9","2.2","232","4.8","","","","","","0.074","","0.060","6","Y","VS-6",
"TPC6009-H","","N-ch","40","","5.3","2.2","225","4.7","","","","","","0.098","","0.081","6","Y","VS-6",
"TPC6010-H","","N-ch","60","","6.1","2.2","640","12","","","","","","0.063","","0.059","6","Y","VS-6",
"TPC6011","","N-ch","30","","6","2.2","640","14","","","","","","0.032","","0.020","6","Y","VS-6",
"TPC6012","","N-ch","20","","6","2.2","630","9","","","","0.038","","0.020","","","6","Y","VS-6",
"TPC6067","","N-ch","30","","6","2.2","","8","","","","","","0.029","","0.023","6","Y","VS-6",
"TPC6109-H","","P-ch","-30","","-5","2.2","","12.3","","","","","","0.083","","0.059","6","Y","VS-6",
"TPC6110","","P-ch","-30","","-4.5","2.2","510","14","","","","","","0.077","","0.056","6","Y","VS-6",
"TPC6111","","P-ch","-20","","-5.5","2.2","700","10","","0.150","0.080","0.057","","0.040","","","6","Y","VS-6",
"TPC6113","","P-ch","-20","","-5","2.2","690","10","","","","0.085","","0.055","","","6","Y","VS-6",
"TPC6130","","P-ch","-20","","-2.8","2.2","360","5.1","","","","0.164","","0.106","","","6","Y","VS-6",
"TPC8045-H","","N-ch","40","","18","1.9","5800","90","","","","","","0.0044","","0.0039","8","Y","SOP-8",
"TPC8046-H","","N-ch","40","","18","1.9","3545","57","","","","","","0.0066","","0.0057","8","Y","SOP-8",
"TPC8047-H","","N-ch","40","","16","1.9","2590","43","","","","","","0.0088","","0.0076","8","Y","SOP-8",
"TPC8048-H","","N-ch","60","","16","1.9","5800","87","","","","","","0.0074","","0.0069","8","Y","SOP-8",
"TPC8049-H","","N-ch","60","","13","1.9","3545","56","","","","","","0.0115","","0.0107","8","Y","SOP-8",
"TPC8050-H","","N-ch","60","","11","1.9","2590","41","","","","","","0.0156","","0.0145","8","Y","SOP-8",
"TPC8051-H","","N-ch","80","","13","1.9","5800","85","","","","","","0.0101","","0.0097","8","Y","SOP-8",
"TPC8052-H","","N-ch","40","","12","1.9","1620","25","","","","","","0.0133","","0.0115","8","Y","SOP-8",
"TPC8053-H","","N-ch","60","","9","1.9","1620","25","","","","","","0.0242","","0.0225","8","Y","SOP-8",
"TPC8055-H","","N-ch","30","","18","1.9","6400","91","","","","","","0.0025","","0.0021","8","Y","SOP-8",
"TPC8056-H","","N-ch","30","","18","1.9","5200","74","","","","","","0.0029","","0.0024","8","Y","SOP-8",
"TPC8057-H","","N-ch","30","","18","1.9","4300","61","","","","","","0.0034","","0.0028","8","Y","SOP-8",
"TPC8058-H","","N-ch","30","","18","1.9","3600","51","","","","","","0.004","","0.0032","8","Y","SOP-8",
"TPC8059-H","","N-ch","30","","18","1.9","2900","41","","","","","","0.005","","0.004","8","Y","SOP-8",
"TPC8062-H","","N-ch","30","","18","1.9","2400","34","","","","","","0.0073","","0.0058","8","Y","SOP-8",
"TPC8063-H","","N-ch","30","","17","1.9","1900","27","","","","","","0.0089","","0.0070","8","Y","SOP-8",
"TPC8064-H","","N-ch","30","","16","1.9","1600","23","","","","","","0.0108","","0.0084","8","Y","SOP-8",
"TPC8065-H","","N-ch","30","","13","1.9","1350","20","","","","","","0.0147","","0.0116","8","Y","SOP-8",
"TPC8066-H","","N-ch","30","","11","1.9","1100","15","","","","","","0.019","","0.016","8","Y","SOP-8",
"TPC8067-H","","N-ch","30","","9","1.9","690","9.5","","","","","","0.033","","0.025","8","Y","SOP-8",
"TPC8073","","N-ch","30","","18","1.9","2600","37","","","","","","0.0061","","0.0047","8","Y","SOP-8",
"TPC8074","","N-ch","30","","17","1.9","1800","25","","","","","","0.0087","","0.0065","8","Y","SOP-8",
"TPC8075","","N-ch","33","","18","1.9","5200","70","","","","","","0.0033","","0.0026","8","Y","SOP-8",
"TPC8076","","N-ch","33","","18","1.9","2500","34","","","","","","0.0065","","0.0049","8","Y","SOP-8",
"TPC8078","","N-ch","33","","18","1.9","6400","90","","","","","","0.0028","","0.0023","8","Y","SOP-8",
"TPC8080","","N-ch","30","","18","1.9","4300","61","","","","","","0.0034","","0.0028","8","Y","SOP-8",
"TPC8081","","N-ch","30","","18","1.9","3600","51","","","","","","0.004","","0.0032","8","Y","SOP-8",
"TPC8082","","N-ch","30","","18","1.9","2900","41","","","","","","0.005","","0.004","8","Y","SOP-8",
"TPC8084","","N-ch","33","","17","1.9","1900","27","","","","","","0.0092","","0.0069","8","Y","SOP-8",
"TPC8085","","N-ch","30","","18","1.9","2600","37","","","","","","0.0061","","0.0047","8","Y","SOP-8",
"TPC8086","","N-ch","30","","17","1.9","1900","26","","","","","","0.0085","","0.0064","8","Y","SOP-8",
"TPC8087","","N-ch","30","","18","1.9","6400","91","","","","","","0.0025","","0.0021","8","Y","SOP-8",
"TPC8088","","N-ch","30","","18","1.9","5200","74","","","","","","0.0029","","0.0024","8","Y","SOP-8",
"TPC8092","","N-ch","30","","15","1.9","1800","25","","","","","","0.0111","","0.009","8","Y","SOP-8",
"TPC8120","","P-ch","-30","","-18","1.9","7420","180","","","","","","0.0042","","0.0032","8","Y","SOP-8",
"TPC8123","","P-ch","-30","","-11","1.9","2940","68","","","","","","0.0125","","0.009","8","Y","SOP-8",
"TPC8124","","P-ch","-40","","-12","1.9","4750","104","","","","","","0.010","","0.008","8","Y","SOP-8",
"TPC8125","","P-ch","-30","","-10","1.9","2580","64","","","","","","0.017","","0.013","8","Y","SOP-8",
"TPC8126","","P-ch","-30","","-11","1.9","2400","56","","","","","","0.014","","0.010","8","Y","SOP-8",
"TPC8127","","P-ch","-30","","-13","1.9","3800","92","","","","","","0.0089","","0.0065","8","Y","SOP-8",
"TPC8128","","P-ch","-30","","-16","1.9","4800","115","","","","","","0.0069","","0.005","8","Y","SOP-8",
"TPC8129","","P-ch","-30","","-9","1.9","1650","","","","","","","0.028","","0.022","8","Y","SOP-8",
"TPC8132","","P-ch","-40","","-7","1.9","1580","34","","","","","","0.033","","0.025","8","Y","SOP-8",
"TPC8133","","P-ch","-40","","-9","1.9","2900","64","","","","","","0.018","","0.015","8","Y","SOP-8",
"TPC8134","","P-ch","-40","","-5","1.9","890","20","","","","","","0.066","","0.052","8","Y","SOP-8",
"TPC8223-H","","N-ch x 2","30","","9","1.5","1190","17","","","","","","0.021","","0.017","8","Y","SOP-8",
"TPC8224-H","","N-ch x 2","30","","8","1.5","690","9.5","","","","","","0.034","","0.026","8","Y","SOP-8",
"TPC8227-H","","N-ch x 2","40","","5.1","1.5","","10","","","","","","0.040","","0.033","8","Y","SOP-8",
"TPC8228-H","","N-ch x 2","60","","3.8","1.5","","11","","","","","","0.064","","0.057","8","Y","SOP-8",
"TPC8229-H","","N-ch x 2","80","","3.2","1.5","","11","","","","","","0.087","","0.080","8","Y","SOP-8",
"TPC8407","","N-ch + P-ch","-30","","-7.4","1.5","1650","39","","","","","","0.029","","0.023","8","Y","SOP-8",
"TPC8408","","N-ch + P-ch","-40","","-5.3","1.5","1105","24","","","","","","0.053","","0.043","8","Y","SOP-8",
"TPC8A04-H","","N-ch + SBD","30","","18","1.9","","56","","","","","","0.0045","","0.0036","8","Y","SOP-8",
"TPC8A05-H","","N-ch + SBD","30","","10","1.9","","15","","","","","","0.0176","","0.0133","8","Y","SOP-8",
"TPC8A06-H","","N-ch + SBD","30","","12","1.9","","19","","","","","","0.0129","","0.0101","8","Y","SOP-8",
"TPCA8006-H","","N-ch","100","","18","45","780","12","","","","","","","","0.067","8","Y","SOP Advance",
"TPCA8008-H","","N-ch","250","","4","45","600","10","","","","","","","","0.58","8","Y","SOP Advance",
"TPCA8010-H","","N-ch","200","","5.5","45","600","10","","","","","","","","0.45","8","Y","SOP Advance",
"TPCA8042","","N-ch","30","","45","2.8","","","","","","","","0.0057","","0.0033","8","Y","SOP Advance",
"TPCA8045-H","","N-ch","40","","46","45","5800","90","","","","","","0.0041","","0.0036","8","Y","SOP Advance",
"TPCA8046-H","","N-ch","40","","38","45","3545","55","","","","","","0.0063","","0.0054","8","Y","SOP Advance",
"TPCA8047-H","","N-ch","40","","32","45","2590","43","","","","","","0.0085","","0.0073","8","Y","SOP Advance",
"TPCA8048-H","","N-ch","60","","35","45","5800","90","","","","","","0.0071","","0.0066","8","Y","SOP Advance",
"TPCA8049-H","","N-ch","60","","28","45","3545","55","","","","","","0.0112","","0.0104","8","Y","SOP Advance",
"TPCA8050-H","","N-ch","60","","24","45","2590","41","","","","","","0.0153","","0.0142","8","Y","SOP Advance",
"TPCA8051-H","","N-ch","80","","28","45","5800","91","","","","","","0.0098","","0.0094","8","Y","SOP Advance",
"TPCA8052-H","","N-ch","40","","20","30","1620","25","","","","","","0.0131","","0.0113","8","Y","SOP Advance",
"TPCA8053-H","","N-ch","60","","15","30","1620","25","","","","","","0.024","","0.0223","8","Y","SOP Advance",
"TPCA8055-H","","N-ch","30","","56","70","6400","91","","","","","","0.0023","","0.0019","8","Y","SOP Advance",
"TPCA8056-H","","N-ch","30","","48","63","5200","74","","","","","","0.0027","","0.0022","8","Y","SOP Advance",
"TPCA8057-H","","N-ch","30","","42","57","4300","61","","","","","","0.0032","","0.0026","8","Y","SOP Advance",
"TPCA8058-H","","N-ch","30","","38","52","3600","51","","","","","","0.0038","","0.003","8","Y","SOP Advance",
"TPCA8059-H","","N-ch","30","","32","45","2900","41","","","","","","0.0048","","0.0038","8","Y","SOP Advance",
"TPCA8062-H","","N-ch","30","","28","42","2400","34","","","","","","0.0071","","0.0056","8","Y","SOP Advance",
"TPCA8063-H","","N-ch","30","","22","35","1900","27","","","","","","0.0087","","0.0068","8","Y","SOP Advance",
"TPCA8064-H","","N-ch","30","","20","32","1600","23","","","","","","0.0106","","0.0082","8","Y","SOP Advance",
"TPCA8065-H","","N-ch","30","","16","25","1350","20","","","","","","0.0145","","0.0114","8","Y","SOP Advance",
"TPCA8068-H","","N-ch","30","","15","21","980","14","","","","","","0.016","","0.0116","8","Y","SOP Advance",
"TPCA8075","","N-ch","33","","48","63","5200","70","","","","","","0.0031","","0.0024","8","Y","SOP Advance",
"TPCA8078","","N-ch","33","","54","70","6400","90","","","","","","0.0026","","0.0021","8","Y","SOP Advance",
"TPCA8080","","N-ch","30","","42","57","4300","61","","","","","","0.0032","","0.0026","8","Y","SOP Advance",
"TPCA8081","","N-ch","30","","38","52","3600","51","","","","","","0.0038","","0.003","8","Y","SOP Advance",
"TPCA8082","","N-ch","30","","32","45","2900","41","","","","","","0.0048","","0.0038","8","Y","SOP Advance",
"TPCA8083","","N-ch","40","","60","84","4540","83","","","","","","","0.0056","0.0033","8","Y","SOP Advance",
"TPCA8084","","N-ch","60","","60","84","4480","83","","","","","","","0.008","0.0053","8","Y","SOP Advance",
"TPCA8085","","N-ch","40","","40","55","2050","41","","","","","","","0.0104","0.0057","8","Y","SOP Advance",
"TPCA8086","","N-ch","60","","35","55","1990","41","","","","","","","0.0166","0.0112","8","Y","SOP Advance",
"TPCA8087","","N-ch","30","","56","70","6400","91","","","","","","0.0023","","0.0019","8","Y","SOP Advance",
"TPCA8088","","N-ch","30","","48","63","5200","74","","","","","","0.0027","","0.0022","8","Y","SOP Advance",
"TPCA8109","","P-ch","-30","","-24","30","2400","56","","","","","","0.013","","0.009","8","Y","SOP Advance",
"TPCA8120","","P-ch","-30","","-45","45","7420","190","","","","","","0.004","","0.003","8","Y","SOP Advance",
"TPCA8121","","P-ch","-30","","-45","2.8","1650","190","","","","","","0.004","","0.003","8","Y","SOP Advance",
"TPCA8128","","P-ch","-30","","-34","1.9","4800","115","","","","","","0.0067","","0.0048","8","Y","SOP Advance",
"TPCA8131","","P-ch","-30","","-13","27","1700","40","","","","","","0.022","","0.017","8","Y","SOP Advance",
"TPCA8A09-H","","N-ch + SBD","30","","51","70","5900","82","","","","","","0.0028","","0.0023","8","Y","SOP Advance",
"TPCA8A10-H","","N-ch + SBD","30","","40","58","4000","57","","","","","","0.0038","","0.003","8","Y","SOP Advance",
"TPCA8A11-H","","N-ch + SBD","30","","35","52","3200","46","","","","","","0.0046","","0.0036","8","Y","SOP Advance",
"TPCC8005-H","","N-ch","30","","26","30","","35","","","","","","0.0073","","0.0060","8","Y","TSON Advance",
"TPCC8006-H","","N-ch","30","","22","27","","27","","","","","","0.0086","","0.0069","8","Y","TSON Advance",
"TPCC8007","","N-ch","20","","27","30","1870","26","","","","0.0087","","0.0046","","","8","Y","TSON Advance",
"TPCC8008","","N-ch","30","","25","30","","30","","","","","","0.013","","0.0068","8","Y","TSON Advance",
"TPCC8062-H","","N-ch","30","","27","39","2400","34","","","","","","0.0071","","0.0056","8","Y","TSON Advance",
"TPCC8064-H","","N-ch","30","","19","30","1600","23","","","","","","0.0106","","0.0082","8","Y","TSON Advance",
"TPCC8065-H","","N-ch","30","","13","18","1350","20","","","","","","0.0145","","0.0114","8","Y","TSON Advance",
"TPCC8066-H","","N-ch","30","","11","17","1100","15","","","","","","0.019","","0.015","8","Y","TSON Advance",
"TPCC8067-H","","N-ch","30","","9","15","690","9.5","","","","","","0.033","","0.025","8","Y","TSON Advance",
"TPCC8068-H","","N-ch","30","","13","17","980","14","","","","","","0.016","","0.0116","8","Y","TSON Advance",
"TPCC8069","","N-ch","40","","30","46.8","1640","34","","","","","","","0.0141","0.0081","8","Y","TSON Advance",
"TPCC8070","","N-ch","60","","30","46.8","1600","34","","","","","","","0.0213","0.0135","8","Y","TSON Advance",
"TPCC8073","","N-ch","30","","27","39","2600","37","","","","","","0.0059","","0.0045","8","Y","TSON Advance",
"TPCC8074","","N-ch","30","","20","30","1800","25","","","","","","0.0085","","0.0063","8","Y","TSON Advance",
"TPCC8076","","N-ch","33","","27","39","2500","34","","","","","","0.0062","","0.0046","8","Y","TSON Advance",
"TPCC8084","","N-ch","33","","21","32","1900","27","","","","","","0.009","","0.0067","8","Y","TSON Advance",
"TPCC8093","","N-ch","20","","21","30","1860","16","","","","0.0095","","0.0058","","","8","Y","TSON Advance",
"TPCC8103","","P-ch","-30","","-18","27","1600","38","","","","","0.025","","","0.012","8","Y","TSON Advance",
"TPCC8104","","P-ch","-30","","-20","27","2260","58","","","","","","0.0124","","0.0088","8","Y","TSON Advance",
"TPCC8105","","P-ch","-30","","-23","30","3240","76","","","","","","0.0104","","0.0078","8","Y","TSON Advance",
"TPCC8106","","P-ch","-40","","-30","46.8","3100","66","","","","","","","0.0189","0.0123","8","Y","TSON Advance",
"TPCC8107","","P-ch","-60","","-25","46.8","2930","63","","","","","","","0.0429","0.0305","8","Y","TSON Advance",
"TPCC8131","","P-ch","-30","","-10","20","1700","40","","","","","","0.023","","0.0176","8","Y","TSON Advance",
"TPCC8136","","P-ch","-20","","-9.4","18","2350","36","","","0.060","0.022","","0.016","","","8","Y","TSON Advance",
"TPCC8137","","P-ch","-20","","-13","30","","43","","","0.052","0.016","","0.010","","","8","Y","TSON Advance",
"TPCC8138","","P-ch","-20","","-18","39","4165","63","","","0.042","0.011","","0.0075","","","8","Y","TSON Advance",
"TPCC8A01-H","","N-ch + SBD","30","","21","30","","20","","","","","","0.0126","","0.0099","8","Y","TSON Advance",
"TPCF8002","","N-ch","30","","7","2.5","","11.5","","","","","","0.032","","0.021","8","Y","VS-8",
"TPCF8003","","N-ch","20","","7","2.5","500","9.5","","","","0.034","","0.018","","","8","Y","VS-8",
"TPCF8004","","N-ch","30","","7","2.5","610","9","","","","","","0.030","","0.024","8","Y","VS-8",
"TPCF8101","","P-ch","-12","","-6","2.5","","18","","","0.085","0.04","","0.028","","","8","Y","VS-8",
"TPCF8105","","P-ch","-20","","-6","2.5","1100","17","","","0.1","0.041","","0.03","","","8","Y","VS-8",
"TPCF8107","","P-ch","-30","","-6","2.5","970","22","","","","","","0.038","","0.028","8","Y","VS-8",
"TPCF8108","","P-ch","-20","","-7","2.5","1320","19","","","0.095","0.037","","0.026","","","8","Y","VS-8",
"TPCF8201","","N-ch x 2","20","","3","1.35","","7.5","","","","0.066","","0.049","","","","Y","VS-8",
"TPCF8304","","P-ch x 2","-30","","-3.2","1.35","600","14","","","","","","0.105","","0.072","8","Y","VS-8",
"TPCF8305","","P-ch","-20","","-4","1.35","680","9.2","","","0.265","0.083","","0.058","","","8","Y","VS-8",
"TPCF8306","","P-ch","-30","","-3.2","1.35","390","10","","","","","","0.120","","0.072","8","Y","VS-8",
"TPCF8402","","N-ch + P-ch","-30","","-3.2","1.35","600","14","","","","","","0.105","","0.072","8","Y","VS-8",
"TPCF8B01","","P-ch + SBD","-20","","-2.7","1.35","","6","","","0.3","0.16","","0.11","","","8","Y","VS-8",
"TPCL4201","","N-ch x 2","","","","1.65","720","","","","","","","","","","4","","Chip LGA",
"TPCL4202","","N-ch x 2","","","","1.65","780","","","","","","","","","","4","Y","Chip LGA",
"TPCL4203","","N-ch x 2","","","","1.65","685","","","","","","","","","","4","Y","Chip LGA",
"TPCP8003-H","","N-ch","100","","2.2","1.68","","7.5","","","","","","0.19","","0.18","8","Y","PS-8",
"TPCP8004","","N-ch","30","","8.3","1.68","1270","","","","","","","0.014","","0.0085","8","Y","PS-8",
"TPCP8005-H","","N-ch","30","","11","1.68","","20","","","","","","0.0157","","0.0129","8","Y","PS-8",
"TPCP8006","","N-ch","20","","9.1","1.68","1480","","","","","0.0137","","0.010","","","8","Y","PS-8",
"TPCP8007-H","","N-ch","60","","5","1.68","640","11","","","","","","0.064","","0.057","8","Y","PS-8",
"TPCP8009","","N-ch","40","","10","2.01","1250","25.1","","","","","","","0.0195","0.0119","8","Y","PS-8",
"TPCP8010","","N-ch","40","","6","2.01","600","13.1","","","","","","","0.0312","0.0248","8","Y","PS-8",
"TPCP8011","","N-ch","40","","5","1.96","505","11.8","","","","","","","0.0416","0.0332","8","Y","PS-8",
"TPCP8012","","N-ch","60","","8","2.01","1160","26.6","","","","","","","0.0237","0.0195","8","Y","PS-8",
"TPCP8013","","N-ch","60","","4","1.96","515","12","","","","","","","0.0633","0.054","8","Y","PS-8",
"TPCP8102","","P-ch","-20","","-7.3","1.68","","33","","","","0.03","","0.018","","","8","Y","PS-8",
"TPCP8103-H","","P-ch","-40","","-4.8","1.68","","19","","","","","","0.054","","0.040","8","Y","PS-8",
"TPCP8105","","P-ch","-20","","-7.2","1.68","2280","28","","","0.060","0.023","","0.017","","","8","Y","PS-8",
"TPCP8106","","P-ch","-30","","-5.2","1.68","870","19","","","","","","0.044","","0.033","8","Y","PS-8",
"TPCP8107","","P-ch","-40","","-8","2.01","2160","44.6","","","","","","","0.0269","0.0181","8","Y","PS-8",
"TPCP8109","新製品","P-ch","-40","","-4.5","1.96","810","18","","","","","","","0.0768","0.0523","8","Y","PS-8",
"TPCP8110","新製品","P-ch","-60","","-5","2.01","2075","45","","","","","","","0.0532","0.0395","8","Y","PS-8",
"TPCP8111","新製品","P-ch","-60","","-3","1.96","760","17","","","","","","","0.1584","0.117","8","Y","PS-8",
"TPCP8203","","N-ch x 2","40","","4.7","1.48","","16","","","","","","0.06","","0.04","8","Y","PS-8",
"TPCP8204","","N-ch","30","","4.2","1.48","190","4.6","","","","","","0.077","","0.050","8","Y","PS-8",
"TPCP8205-H","","N-ch x 2","30","","6.5","1.48","","13.8","","","","","","0.029","","0.026","8","Y","PS-8",
"TPCP8206","","N-ch x 2","20","","6","1.48","630","5.8","","","","0.035","","0.024","","","8","Y","PS-8",
"TPCP8207","","N-ch x 2","40","","5","1.77","505","11.8","","","","","","","","0.0378","8","Y","PS-8",
"TPCP8303","","P-ch x 2","-20","","-3.8","1.48","640","10","","0.144","0.090","0.060","","0.046","","","8","Y","PS-8",
"TPCP8305","","P-ch","-20","","-6","1.48","1500","21.5","","","","0.042","","0.030","","","8","Y","PS-8",
"TPCP8306","","P-ch","-20","","-4","1.48","680","9.2","","","0.265","0.083","","0.058","","","8","Y","PS-8",
"TPCP8401","","N-ch + P-ch","-12","","-5.5","1.96","","20","","","","0.058","","0.038","","","8","Y","PS-8",
"TPCP8403","","N-ch + P-ch","-40","","-3.4","1.48","","15","","","","","","0.105","","0.07","8","Y","PS-8",
"TPCP8404","","N-ch + P-ch","-30","","-4","1.48","510","13","","","","","","0.08","","0.05","8","Y","PS-8",
"TPCP8405","","N-ch + P-ch","-30","","-6","1.48","1075","24.1","","","","","","0.042","","0.0313","8","Y","PS-8",
"TPCP8406","","N-ch + P-ch","-40","","-5","1.48","1105","24.2","","","","","","0.036","","0.032","8","Y","PS-8",
"TPCP8407","新製品","N-ch + P-ch","-40","","-4","1.96","810","18","","","","","","","","0.0568","8","Y","PS-8",
"TPCP8J01","","P-ch + NPN","-32","","-5.5","2.14","1760","34","","","","","0.049","","","0.035","8","Y","PS-8",
"TPH11003NL","開発中","N-ch","30","","32","21","510","7.5","","","","","","0.016","","0.011","8","Y","SOP Advance",
"TPH12008NH","","N-ch","80","","44","48","1490","22","","","","","","","","0.0123","8","Y","SOP Advance",
"TPH14006NH","","N-ch","60","","34","32","1000","16","","","","","","","","0.014","8","Y","SOP Advance",
"TPH1400ANH","","N-ch","100","","42","48","1440","22","","","","","","","","0.0136","8","Y","SOP Advance",
"TPH2R306NH","","N-ch","60","","130","78","4700","72","","","","","","","","0.0023","8","Y","SOP Advance",
"TPH4R008NH","","N-ch","80","","100","78","","59","","","","","","","","0.004","8","Y","SOP Advance",
"TPH4R50ANH","","N-ch","100","","93","78","","58","","","","","","","","0.0045","8","Y","SOP Advance",
"TPH4R606NH","","N-ch","60","","85","63","3050","49","","","","","","","","0.0046","8","Y","SOP Advance",
"TPH5R906NH","","N-ch","60","","71","57","2340","38","","","","","","","","0.0059","8","Y","SOP Advance",
"TPH6R003NL","開発中","N-ch","30","","57","34","1050","17","","","","","","0.0083","","0.006","8","Y","SOP Advance",
"TPH7R506NH","","N-ch","60","","55","45","1785","31","","","","","","","","0.0075","8","Y","SOP Advance",
"TPH8R008NH","","N-ch","80","","63","61","2300","35","","","","","","","","0.008","8","Y","SOP Advance",
"TPH8R80ANH","","N-ch","100","","59","61","2180","33","","","","","","","","0.0088","8","Y","SOP Advance",
"TPH8R903NL","開発中","N-ch","30","","38","24","630","9.8","","","","","","0.0127","","0.0089","8","Y","SOP Advance",
"TPHR9003NL","開発中","N-ch","30","","220","78","5300","74","","","","","","0.0014","","0.0009","8","Y","SOP Advance",
"TPN11003NL","開発中","N-ch","30","","31","19","510","7.5","","","","","","0.016","","0.011","8","Y","TSON Advance",
"TPN13008NH","新製品","N-ch","80","","40","42","1230","18","","","","","","","","0.0133","8","Y","TSON Advance",
"TPN14006NH","","N-ch","60","","33","30","1000","15","","","","","","","","0.014","8","Y","TSON Advance",
"TPN1600ANH","新製品","N-ch","100","","36","42","1230","19","","","","","","","","0.016","8","Y","TSON Advance",
"TPN2R203NC","新製品","N-ch","30","","100","42","2230","34","","","","","","0.0036","","0.0022","8","Y","TSON Advance",
"TPN2R503NC","","N-ch","30","","85","35","2230","40","","","","","","0.0041","","0.0025","8","Y","TSON Advance",
"TPN4R203NC","","N-ch","30","","53","22","1370","24","","","","","","0.0064","","0.0042","8","Y","TSON Advance",
"TPN6R003NL","開発中","N-ch","30","","56","32","1050","17","","","","","","0.0083","","0.006","8","Y","TSON Advance",
"TPN7R506NH","新製品","N-ch","60","","53","42","1410","22","","","","","","","","0.0075","8","Y","TSON Advance",
"TPN8R903NL","開発中","N-ch","30","","37","22","630","9.8","","","","","","0.0127","","0.0089","8","Y","TSON Advance",

